"INVESTOR_PORTFOLIO_ID","INVESTOR_ID","MUTUAL_FUND_ID","UNITS","TOTAL_INVESTMENT"
8,1,36,21664.53145304656,1000000
9,5,37,9788.7286589968,230000
10,2,38,34553.206453724626,230000
11,3,39,11211.08144390419,540000
12,2,40,5052.273683551859,750000
21,1,40,25998.597994529326,4000000
